{"embedding": "NatashaGlove", "model": "BiLSTM", "extra_features": [], "seed": 8, "results": {"precision": 0.14786930564950151, "recall": 0.6058561272442463, "F1": 0.2377192567727294, "PR AUC": 0.16354084707483837, "ROC AUC": 0.7439351792334745}, "test samples": 119968}
