{"embedding": "Word2Vec", "model": "BiLSTM", "extra_features": [], "seed": 8, "results": {"precision": 0.14766650846385065, "recall": 0.5623569104711411, "F1": 0.233911387329591, "PR AUC": 0.15152448533774018, "ROC AUC": 0.7354779304036233}, "test samples": 119968}
