{"embedding": "NatashaGlove", "model": "XGBoost", "extra_features": ["funny_mark", "interjections", "exclamation", "question", "quotes", "dotes", "rating", "comments_count", "source", "submitted_by"], "seed": 8, "results": {"precision": 0.1330971200145362, "recall": 0.17652729244487286, "F1": 0.1517662902724541, "PR AUC": 0.10117058786136457, "ROC AUC": 0.6135102131892118}, "test samples": 119968}