{"embedding": "NatashaGlove", "model": "XGBoost", "extra_features": ["exclamation", "question", "quotes", "dotes"], "seed": 8, "results": {"precision": 0.11438504997827031, "recall": 0.15857332208699843, "F1": 0.13290244395071704, "PR AUC": 0.09178551233934745, "ROC AUC": 0.5892324066096087}, "test samples": 119968}