{"embedding": "NatashaGlove", "model": "LogisticRegression", "extra_features": ["rating", "comments_count", "source", "submitted_by"], "seed": 8, "results": {"precision": 0.08159671265042559, "recall": 0.0669960236173033, "F1": 0.07357903791437835, "PR AUC": 0.07025586008013192, "ROC AUC": 0.496132329982053}, "test samples": 119968}