{"embedding": "NatashaGlove", "model": "BernoulliNB", "extra_features": ["funny_mark", "interjections", "exclamation", "question", "quotes", "dotes", "rating", "comments_count", "source", "submitted_by"], "seed": 8, "results": {"precision": 0.12348342496578282, "recall": 0.6414025786239306, "F1": 0.20709644788546086, "PR AUC": 0.12618759437581806, "ROC AUC": 0.698453261858436}, "test samples": 119968}