{"embedding": "NatashaGlove", "model": "LogisticRegression", "extra_features": [], "seed": 8, "results": {"precision": 0.11459664454429284, "recall": 0.33498011808651645, "F1": 0.17077216045211624, "PR AUC": 0.10593246567889152, "ROC AUC": 0.6304603540317403}, "test samples": 119968}