{"embedding": "NatashaGlove", "model": "Perceptron", "extra_features": ["funny_mark", "interjections", "exclamation", "question", "quotes", "dotes", "rating", "comments_count", "source", "submitted_by"], "seed": 8, "results": {"precision": 0.07003910813144396, "recall": 0.9969875888661285, "F1": 0.1308835509716609, "PR AUC": 0.07003651044601002, "ROC AUC": 0.5065936251828695}, "test samples": 119968}