{"embedding": "NatashaGlove", "model": "Perceptron", "extra_features": [], "seed": 8, "results": {"precision": 0.09864594794871219, "recall": 0.5293408844439089, "F1": 0.16630072683222288, "PR AUC": 0.08477601564926318, "ROC AUC": 0.5849428544402067}, "test samples": 119968}