{"embedding": "NatashaGlove", "model": "LogisticRegression", "extra_features": [], "seed": 8, "results": {"precision": 0.09525980776596327, "recall": 0.6293529340884444, "F1": 0.1654733240400456, "PR AUC": 0.10647851272112348, "ROC AUC": 0.6301341258947668}, "test samples": 119968}