{"embedding": "NatashaGlove", "model": "XGBoost", "extra_features": ["exclamation", "question", "quotes", "dotes"], "seed": 8, "results": {"precision": 0.11366481845823645, "recall": 0.15315098204602964, "F1": 0.13048611467583798, "PR AUC": 0.0904347033465411, "ROC AUC": 0.5906364131836955}, "test samples": 119968}