{"embedding": "NatashaGlove", "model": "LogisticRegression", "extra_features": ["funny_mark", "interjections", "exclamation", "question", "quotes", "dotes", "rating", "comments_count", "source", "submitted_by"], "seed": 8, "results": {"precision": 0.06352087114337568, "recall": 0.08013013616098325, "F1": 0.07086530264279625, "PR AUC": 0.07030831278323994, "ROC AUC": 0.4963429983278683}, "test samples": 119968}