{"embedding": "NatashaGlove", "model": "XGBoost", "extra_features": ["rating", "comments_count", "source", "submitted_by"], "seed": 8, "results": {"precision": 0.129350085871825, "recall": 0.17243041330280756, "F1": 0.14781530833591572, "PR AUC": 0.09902387690613942, "ROC AUC": 0.6078584622417564}, "test samples": 119968}