{"embedding": "NatashaGlove", "model": "Perceptron", "extra_features": ["rating", "comments_count", "source", "submitted_by"], "seed": 8, "results": {"precision": 0.07850314549891418, "recall": 0.8450415712736474, "F1": 0.14366044267819283, "PR AUC": 0.077057946629048, "ROC AUC": 0.5539269950593134}, "test samples": 119968}