{"embedding": "RuBERT", "model": "LogisticRegression", "extra_features": ["funny_mark", "interjections", "exclamation", "question", "quotes", "dotes", "rating", "comments_count", "source", "submitted_by"], "seed": 8, "results": {"precision": 0.061299928124037374, "recall": 0.07193637787685263, "F1": 0.06619359130724027, "PR AUC": 0.0690600999665506, "ROC AUC": 0.49492000047206286}, "test samples": 119968}