{"embedding": "RuBERT", "model": "Perceptron", "extra_features": ["funny_mark", "interjections", "exclamation", "question", "quotes", "dotes", "rating", "comments_count", "source", "submitted_by"], "seed": 8, "results": {"precision": 0.07741058810740298, "recall": 0.8580551873719725, "F1": 0.14200959227831567, "PR AUC": 0.07624184182577697, "ROC AUC": 0.5490250862756934}, "test samples": 119968}