{"embedding": "RuBERT", "model": "LogisticRegression", "extra_features": [], "seed": 8, "results": {"precision": 0.20570388349514562, "recall": 0.12254488492589469, "F1": 0.15359057615343955, "PR AUC": 0.15790259696283215, "ROC AUC": 0.7433433450730639}, "test samples": 119968}