{"embedding": "RuBERT", "model": "LogisticRegression", "extra_features": ["funny_mark", "interjections", "exclamation", "question", "quotes", "dotes", "rating", "comments_count", "source", "submitted_by"], "seed": 8, "results": {"precision": 0.06078714197403668, "recall": 0.0710929027593686, "F1": 0.06553735073590669, "PR AUC": 0.06871090868422632, "ROC AUC": 0.49478229209860036}, "test samples": 119968}