{"embedding": "RuBERT", "model": "Perceptron", "extra_features": [], "seed": 8, "results": {"precision": 0.16374717640540426, "recall": 0.4629473430533799, "F1": 0.24192431207102827, "PR AUC": 0.1129578940023758, "ROC AUC": 0.6436202833885316}, "test samples": 119968}