{"embedding": "RuBERT", "model": "LogisticRegression", "extra_features": [], "seed": 8, "results": {"precision": 0.17279411764705882, "recall": 0.005663332931678516, "F1": 0.010967215027418037, "PR AUC": 0.11049955948077027, "ROC AUC": 0.6493283326957819}, "test samples": 119968}