{"embedding": "RuBERT", "model": "Perceptron", "extra_features": [], "seed": 8, "results": {"precision": 0.16875231738969226, "recall": 0.43872755753705267, "F1": 0.24374895397489543, "PR AUC": 0.11286331257590754, "ROC AUC": 0.639059486619407}, "test samples": 119968}