{"embedding": "RuBERT", "model": "Perceptron", "extra_features": ["exclamation", "question", "quotes", "dotes"], "seed": 8, "results": {"precision": 0.15834636513091943, "recall": 0.47584046270635016, "F1": 0.237619592033215, "PR AUC": 0.11160727689689741, "ROC AUC": 0.6439371205525053}, "test samples": 119968}