{"embedding": "RuBERT", "model": "Perceptron", "extra_features": ["funny_mark", "interjections", "exclamation", "question", "quotes", "dotes", "rating", "comments_count", "source", "submitted_by"], "seed": 8, "results": {"precision": 0.07802666305745415, "recall": 0.8335944089649355, "F1": 0.14269654809665744, "PR AUC": 0.07655399311569555, "ROC AUC": 0.5507869420103403}, "test samples": 119968}