{"embedding": "RuBERT", "model": "LogisticRegression", "extra_features": ["funny_mark"], "seed": 8, "results": {"precision": 0.20570388349514562, "recall": 0.12254488492589469, "F1": 0.15359057615343955, "PR AUC": 0.15790254403234985, "ROC AUC": 0.7433431271049441}, "test samples": 119968}