{"embedding": "RuBERT", "model": "BernoulliNB", "extra_features": ["rating", "comments_count", "source", "submitted_by"], "seed": 8, "results": {"precision": 0.10442871130526474, "recall": 0.3341366429690324, "F1": 0.15912546983043066, "PR AUC": 0.09599669330390652, "ROC AUC": 0.6137870969047446}, "test samples": 119968}