{"embedding": "RuBERT", "model": "BernoulliNB", "extra_features": ["funny_mark", "interjections", "exclamation", "question", "quotes", "dotes", "rating", "comments_count", "source", "submitted_by"], "seed": 8, "results": {"precision": 0.10689059212503757, "recall": 0.3428123870345825, "F1": 0.16296720607188886, "PR AUC": 0.098024770938559, "ROC AUC": 0.6219534505535453}, "test samples": 119968}