{"embedding": "RuBERT", "model": "Perceptron", "extra_features": [], "seed": 8, "results": {"precision": 0.13750083394489293, "recall": 0.24834317387637064, "F1": 0.177001030573686, "PR AUC": 0.08614459276565668, "ROC AUC": 0.5662862293187924}, "test samples": 119968}