{"embedding": "RuBERT", "model": "Perceptron", "extra_features": ["rating", "comments_count", "source", "submitted_by"], "seed": 8, "results": {"precision": 0.07739532241678775, "recall": 0.8537173153391975, "F1": 0.1419242402996735, "PR AUC": 0.07619309203751538, "ROC AUC": 0.5486964103135734}, "test samples": 119968}