{"embedding": "RuBERT", "model": "Perceptron", "extra_features": ["interjections"], "seed": 8, "results": {"precision": 0.1729180256577517, "recall": 0.3832991926738161, "F1": 0.2383217831054505, "PR AUC": 0.10894071600039766, "ROC AUC": 0.623524154181968}, "test samples": 119968}