{"embedding": "RuBERT", "model": "Perceptron", "extra_features": ["interjections"], "seed": 8, "results": {"precision": 0.17460982507594008, "recall": 0.40173514881311, "F1": 0.2434198517869529, "PR AUC": 0.11153294033745426, "ROC AUC": 0.6303018847343989}, "test samples": 119968}