{"embedding": "RuBERT", "model": "LogisticRegression", "extra_features": ["exclamation", "question", "quotes", "dotes"], "seed": 8, "results": {"precision": 0.20785309630787263, "recall": 0.1282082178575732, "F1": 0.15859293486361603, "PR AUC": 0.15827873444684176, "ROC AUC": 0.7433096884214679}, "test samples": 119968}