{"embedding": "RuBERT", "model": "BernoulliNB", "extra_features": ["funny_mark"], "seed": 8, "results": {"precision": 0.09775355137099438, "recall": 0.35654898180503675, "F1": 0.15343929062200212, "PR AUC": 0.09335239453072273, "ROC AUC": 0.6245994383947806}, "test samples": 119968}