{"embedding": "RuBERT", "model": "BernoulliNB", "extra_features": ["interjections"], "seed": 8, "results": {"precision": 0.09764721432820038, "recall": 0.3560669960236173, "F1": 0.15326366017478799, "PR AUC": 0.09332970704978519, "ROC AUC": 0.6246202910379177}, "test samples": 119968}