{"embedding": "RuBERT", "model": "BernoulliNB", "extra_features": ["funny_mark", "interjections", "exclamation", "question", "quotes", "dotes", "rating", "comments_count", "source", "submitted_by"], "seed": 8, "results": {"precision": 0.1003550372952021, "recall": 0.37124954813832994, "F1": 0.15799999999999997, "PR AUC": 0.09493442524201927, "ROC AUC": 0.630228724598253}, "test samples": 119968}