{"embedding": "RuBERT", "model": "Perceptron", "extra_features": ["exclamation", "question", "quotes", "dotes"], "seed": 8, "results": {"precision": 0.1678917392785864, "recall": 0.41559224002891915, "F1": 0.23916510644199432, "PR AUC": 0.11020195132842413, "ROC AUC": 0.6312574208230994}, "test samples": 119968}