{"embedding": "RuBERT", "model": "Perceptron", "extra_features": ["funny_mark"], "seed": 8, "results": {"precision": 0.16227330674014065, "recall": 0.47547897337028555, "F1": 0.24196713269560954, "PR AUC": 0.11344222120778047, "ROC AUC": 0.6465279597618248}, "test samples": 119968}