{"embedding": "RuBERT", "model": "LogisticRegression", "extra_features": ["interjections"], "seed": 8, "results": {"precision": 0.2050087361677344, "recall": 0.1272442462947343, "F1": 0.1570260223048327, "PR AUC": 0.1576570979831, "ROC AUC": 0.7432442440330453}, "test samples": 119968}