{"embedding": "RuBERT", "model": "BernoulliNB", "extra_features": ["exclamation", "question", "quotes", "dotes"], "seed": 8, "results": {"precision": 0.09937180613872343, "recall": 0.36787564766839376, "F1": 0.15647583414484134, "PR AUC": 0.09418861976657644, "ROC AUC": 0.6275180930237673}, "test samples": 119968}