{"embedding": "RuBERT", "model": "BernoulliNB", "extra_features": [], "seed": 8, "results": {"precision": 0.10324782478247825, "recall": 0.33172671406193516, "F1": 0.15748076538054515, "PR AUC": 0.09499730979112705, "ROC AUC": 0.6098434908942756}, "test samples": 119968}