{"embedding": "TFIDF", "model": "XGBoost", "extra_features": ["exclamation", "question", "quotes", "dotes"], "seed": 8, "results": {"precision": 0.3758620689655172, "recall": 0.013134112543679962, "F1": 0.02538130166492025, "PR AUC": 0.15549360405165352, "ROC AUC": 0.7163207911315627}, "test samples": 119968}