{"embedding": "TFIDF", "model": "BernoulliNB", "extra_features": ["interjections"], "seed": 8, "results": {"precision": 0.18233618233618235, "recall": 0.16965899505964574, "F1": 0.175769302790088, "PR AUC": 0.1488778282344369, "ROC AUC": 0.7324715792151002}, "test samples": 119968}