{"embedding": "TFIDF", "model": "LogisticRegression", "extra_features": ["funny_mark"], "seed": 8, "results": {"precision": 0.14284276223072276, "recall": 0.5129533678756477, "F1": 0.22345870187134192, "PR AUC": 0.14996925536023673, "ROC AUC": 0.717639389271845}, "test samples": 119968}