{"embedding": "TFIDF", "model": "LogisticRegression", "extra_features": ["interjections"], "seed": 8, "results": {"precision": 0.14245913195260312, "recall": 0.5113869140860344, "F1": 0.22284064058808087, "PR AUC": 0.15002885060687532, "ROC AUC": 0.7178311666876007}, "test samples": 119968}