{"embedding": "TFIDF", "model": "Perceptron", "extra_features": ["exclamation", "question", "quotes", "dotes"], "seed": 8, "results": {"precision": 0.13958086200079084, "recall": 0.12760573563079888, "F1": 0.1333249401989173, "PR AUC": 0.07816074508932894, "ROC AUC": 0.5345736278293692}, "test samples": 119968}