{"embedding": "TFIDF", "model": "Perceptron", "extra_features": ["funny_mark", "interjections", "exclamation", "question", "quotes", "dotes", "rating", "comments_count", "source", "submitted_by"], "seed": 8, "results": {"precision": 0.09085092770313499, "recall": 0.01711049524039041, "F1": 0.028797404177651593, "PR AUC": 0.06954763586778334, "ROC AUC": 0.5021926940019127}, "test samples": 119968}