{"embedding": "TFIDF", "model": "Perceptron", "extra_features": [], "seed": 8, "results": {"precision": 0.13672266103014796, "recall": 0.14809013134112545, "F1": 0.1421795465062471, "PR AUC": 0.07917965879778772, "ROC AUC": 0.5392995230401102}, "test samples": 119968}