{"embedding": "TFIDF", "model": "BernoulliNB", "extra_features": ["funny_mark"], "seed": 8, "results": {"precision": 0.18210036213140196, "recall": 0.16965899505964574, "F1": 0.17565965940989337, "PR AUC": 0.14884399531349718, "ROC AUC": 0.7324231503676673}, "test samples": 119968}