{"embedding": "TFIDF", "model": "LogisticRegression", "extra_features": ["exclamation", "question", "quotes", "dotes"], "seed": 8, "results": {"precision": 0.14579160017655246, "recall": 0.5174117363537776, "F1": 0.22748463657554563, "PR AUC": 0.15187497585845605, "ROC AUC": 0.7218816914560461}, "test samples": 119968}