{"embedding": "TFIDF", "model": "LogisticRegression", "extra_features": ["funny_mark", "interjections", "exclamation", "question", "quotes", "dotes", "rating", "comments_count", "source", "submitted_by"], "seed": 8, "results": {"precision": 0.14924980257962622, "recall": 0.5465718761296542, "F1": 0.23447313328681094, "PR AUC": 0.1589470738569492, "ROC AUC": 0.7310902477997654}, "test samples": 119968}