{"embedding": "TFIDF", "model": "XGBoost", "extra_features": ["rating", "comments_count", "source", "submitted_by"], "seed": 8, "results": {"precision": 0.5206692913385826, "recall": 0.06374261959272201, "F1": 0.11358024691358024, "PR AUC": 0.2485844349654105, "ROC AUC": 0.7790927129026621}, "test samples": 119968}