{"embedding": "TFIDF", "model": "Perceptron", "extra_features": ["interjections"], "seed": 8, "results": {"precision": 0.13779580797836377, "recall": 0.12278587781660441, "F1": 0.12985854466675162, "PR AUC": 0.07760222800174091, "ROC AUC": 0.5328442817160645}, "test samples": 119968}