{"embedding": "TFIDF", "model": "Perceptron", "extra_features": ["funny_mark"], "seed": 8, "results": {"precision": 0.1418156808803301, "recall": 0.12423183516086275, "F1": 0.13244267454557132, "PR AUC": 0.07820084437624025, "ROC AUC": 0.5341806804062827}, "test samples": 119968}