{"embedding": "TFIDF", "model": "BernoulliNB", "extra_features": ["funny_mark", "interjections", "exclamation", "question", "quotes", "dotes", "rating", "comments_count", "source", "submitted_by"], "seed": 8, "results": {"precision": 0.1858740301232314, "recall": 0.19628870948307026, "F1": 0.1909394596495341, "PR AUC": 0.155515345592187, "ROC AUC": 0.742306633124567}, "test samples": 119968}