{"embedding": "TFIDF", "model": "XGBoost", "extra_features": ["funny_mark"], "seed": 8, "results": {"precision": 0.34576271186440677, "recall": 0.012290637426195928, "F1": 0.02373749127298115, "PR AUC": 0.14611530100427966, "ROC AUC": 0.7048690407018354}, "test samples": 119968}