{"embedding": "TFIDF", "model": "XGBoost", "extra_features": ["funny_mark", "interjections", "exclamation", "question", "quotes", "dotes", "rating", "comments_count", "source", "submitted_by"], "seed": 8, "results": {"precision": 0.5369369369369369, "recall": 0.07181588143149777, "F1": 0.12668721436922095, "PR AUC": 0.25673492236220885, "ROC AUC": 0.7848030444008688}, "test samples": 119968}