{"embedding": "TFIDF", "model": "LogisticRegression", "extra_features": [], "seed": 8, "results": {"precision": 0.1427948184441909, "recall": 0.5127123749849379, "F1": 0.22337716880594277, "PR AUC": 0.15000124751165284, "ROC AUC": 0.7176441349341746}, "test samples": 119968}