{"embedding": "TFIDF", "model": "BernoulliNB", "extra_features": [], "seed": 8, "results": {"precision": 0.18212391669900402, "recall": 0.16965899505964574, "F1": 0.175670617592015, "PR AUC": 0.14885013882024875, "ROC AUC": 0.7324295847433995}, "test samples": 119968}