{"embedding": "TFIDF", "model": "XGBoost", "extra_features": ["exclamation", "question", "quotes", "dotes"], "seed": 8, "results": {"precision": 0.3609271523178808, "recall": 0.013134112543679962, "F1": 0.02534589001278921, "PR AUC": 0.15467648734109726, "ROC AUC": 0.7173059951631731}, "test samples": 119968}