{"embedding": "Word2Vec", "model": "LogisticRegression", "extra_features": ["funny_mark", "interjections", "exclamation", "question", "quotes", "dotes", "rating", "comments_count", "source", "submitted_by"], "seed": 8, "results": {"precision": 0.062084464837531605, "recall": 0.07988914327027352, "F1": 0.06987037622510275, "PR AUC": 0.07095646885253068, "ROC AUC": 0.4964587512689939}, "test samples": 119968}