{"embedding": "Word2Vec", "model": "BernoulliNB", "extra_features": [], "seed": 8, "results": {"precision": 0.08044901777362021, "recall": 0.6217616580310881, "F1": 0.14246469443255705, "PR AUC": 0.09535350166248022, "ROC AUC": 0.5745266279248189}, "test samples": 119968}