{"embedding": "Word2Vec", "model": "LogisticRegression", "extra_features": ["rating", "comments_count", "source", "submitted_by"], "seed": 8, "results": {"precision": 0.058934464875058934, "recall": 0.07531027834678877, "F1": 0.06612357173085062, "PR AUC": 0.07135454001194755, "ROC AUC": 0.4961491194620475}, "test samples": 119968}