{"embedding": "Word2Vec", "model": "Perceptron", "extra_features": ["funny_mark", "interjections", "exclamation", "question", "quotes", "dotes", "rating", "comments_count", "source", "submitted_by"], "seed": 8, "results": {"precision": 0.056810224089635854, "recall": 0.46921315821183274, "F1": 0.10134950483453274, "PR AUC": 0.06337422949710886, "ROC AUC": 0.44513501582514914}, "test samples": 119968}