{"embedding": "Word2Vec", "model": "XGBoost", "extra_features": ["rating", "comments_count", "source", "submitted_by"], "seed": 8, "results": {"precision": 0.11970162351908732, "recall": 0.16435715146403182, "F1": 0.13851934599370366, "PR AUC": 0.09222066453648987, "ROC AUC": 0.5874429865402173}, "test samples": 119968}