{"embedding": "Word2Vec", "model": "BernoulliNB", "extra_features": ["funny_mark", "interjections", "exclamation", "question", "quotes", "dotes", "rating", "comments_count", "source", "submitted_by"], "seed": 8, "results": {"precision": 0.08109591619095415, "recall": 0.6230871189299916, "F1": 0.14351331473849271, "PR AUC": 0.09746153062865529, "ROC AUC": 0.5782231864944805}, "test samples": 119968}