{"embedding": "NatashaGlove", "model": "BiLSTM", "extra_features": [], "seed": 8, "results": {"precision": 0.7510326024265685, "recall": 0.6911183872067438, "F1": 0.7332387882136445, "PR AUC": 0.8210832223841613, "ROC AUC": 0.7881813780444675}, "test samples": 248721}
