{"embedding": "Word2Vec", "model": "BiLSTM", "extra_features": [], "seed": 8, "results": {"precision": 0.7492526901833065, "recall": 0.6864772058139895, "F1": 0.7243970102839684, "PR AUC": 0.8014212758209222, "ROC AUC": 0.7850947426263501}, "test samples": 248721}
