{"embedding": "NatashaGlove", "model": "Perceptron", "extra_features": ["funny_mark", "interjections", "exclamation", "question", "quotes", "dotes", "author", "subreddit", "score"], "seed": 8, "results": {"precision": 0.5186532177866174, "recall": 0.9909880564603691, "F1": 0.6809288445397742, "PR AUC": 0.5186510457190836, "ROC AUC": 0.5004781242053392}, "test samples": 248721}