{"embedding": "NatashaGlove", "model": "Perceptron", "extra_features": ["funny_mark"], "seed": 8, "results": {"precision": 0.5405768082712129, "recall": 0.7935628974716923, "F1": 0.6430836237481262, "PR AUC": 0.536001210100187, "ROC AUC": 0.5337814737815545}, "test samples": 248721}