{"embedding": "NatashaGlove", "model": "Perceptron", "extra_features": [], "seed": 8, "results": {"precision": 0.5332156214994969, "recall": 0.8712579494338452, "F1": 0.6615551315572515, "PR AUC": 0.5313097982481304, "ROC AUC": 0.5251131166092093}, "test samples": 248721}