{"embedding": "NatashaGlove", "model": "BernoulliNB", "extra_features": ["author", "subreddit", "score"], "seed": 8, "results": {"precision": 0.5530784212675104, "recall": 0.6408872343725764, "F1": 0.5937539293913081, "PR AUC": 0.5834134414057779, "ROC AUC": 0.5648906281327571}, "test samples": 248721}