{"embedding": "NatashaGlove", "model": "LogisticRegression", "extra_features": ["interjections"], "seed": 8, "results": {"precision": 0.60408034824566, "recall": 0.6252985884907709, "F1": 0.6145063622055645, "PR AUC": 0.635583341411603, "ROC AUC": 0.6291864500860495}, "test samples": 248721}