{"embedding": "NatashaGlove", "model": "Perceptron", "extra_features": ["author", "subreddit", "score"], "seed": 8, "results": {"precision": 0.5186244442280855, "recall": 0.9914921668993331, "F1": 0.6810230020988484, "PR AUC": 0.5186226384623813, "ROC AUC": 0.5004212823543341}, "test samples": 248721}