{"embedding": "NatashaGlove", "model": "LogisticRegression", "extra_features": [], "seed": 8, "results": {"precision": 0.594382254357062, "recall": 0.6477586474329146, "F1": 0.6199236247443953, "PR AUC": 0.635783631091169, "ROC AUC": 0.6293895415347787}, "test samples": 248721}