{"embedding": "NatashaGlove", "model": "BernoulliNB", "extra_features": ["interjections"], "seed": 8, "results": {"precision": 0.5511244437911729, "recall": 0.6397471692259966, "F1": 0.5921382270811949, "PR AUC": 0.5797904573788044, "ROC AUC": 0.5614411078733242}, "test samples": 248721}