{"embedding": "NatashaGlove", "model": "LogisticRegression", "extra_features": ["funny_mark"], "seed": 8, "results": {"precision": 0.5948842475557043, "recall": 0.6478904917015667, "F1": 0.6202569709209301, "PR AUC": 0.6361715885156961, "ROC AUC": 0.6299808069210825}, "test samples": 248721}