{"embedding": "NatashaGlove", "model": "Perceptron", "extra_features": ["interjections"], "seed": 8, "results": {"precision": 0.5234967474468301, "recall": 0.9636497595780983, "F1": 0.6784368754982364, "PR AUC": 0.5233119228083376, "ROC AUC": 0.5097174503970755}, "test samples": 248721}