{"embedding": "NatashaGlove", "model": "BernoulliNB", "extra_features": ["funny_mark"], "seed": 8, "results": {"precision": 0.5512079393190096, "recall": 0.6396773693190632, "F1": 0.5921565108139639, "PR AUC": 0.5797219011487217, "ROC AUC": 0.5614813870339997}, "test samples": 248721}