{"embedding": "NatashaGlove", "model": "BernoulliNB", "extra_features": ["exclamation", "question", "quotes", "dotes"], "seed": 8, "results": {"precision": 0.5550678184993609, "recall": 0.6433302311152475, "F1": 0.5959487468703188, "PR AUC": 0.5918672608332562, "ROC AUC": 0.569954322156005}, "test samples": 248721}