{"embedding": "NatashaGlove", "model": "BernoulliNB", "extra_features": ["funny_mark", "interjections", "exclamation", "question", "quotes", "dotes", "author", "subreddit", "score"], "seed": 8, "results": {"precision": 0.5571939650552042, "recall": 0.64502093997208, "F1": 0.5978993831864386, "PR AUC": 0.5958061162180175, "ROC AUC": 0.5737484624798822}, "test samples": 248721}