{"embedding": "RuBERT", "model": "Perceptron", "extra_features": ["interjections"], "seed": 8, "results": {"precision": 0.5219765008590296, "recall": 0.99434620753839, "F1": 0.6845842922208637, "PR AUC": 0.5219563490236031, "ROC AUC": 0.5070494614553055}, "test samples": 248721}