{"embedding": "RuBERT", "model": "LogisticRegression", "extra_features": ["exclamation", "question", "quotes", "dotes"], "seed": 8, "results": {"precision": 0.6680522466387885, "recall": 0.6219714595936094, "F1": 0.6441888298940502, "PR AUC": 0.7087519605471322, "ROC AUC": 0.6964626426437492}, "test samples": 248721}