{"embedding": "RuBERT", "model": "LogisticRegression", "extra_features": ["interjections"], "seed": 8, "results": {"precision": 0.6649312530233092, "recall": 0.6289824724678145, "F1": 0.6464574806005365, "PR AUC": 0.7053942596118795, "ROC AUC": 0.6954330544394444}, "test samples": 248721}