{"embedding": "RuBERT", "model": "LogisticRegression", "extra_features": [], "seed": 8, "results": {"precision": 0.6662887408449538, "recall": 0.6244067007910656, "F1": 0.6446682013812431, "PR AUC": 0.7054046376899497, "ROC AUC": 0.695438625688355}, "test samples": 248721}