{"embedding": "RuBERT", "model": "LogisticRegression", "extra_features": ["funny_mark", "interjections", "exclamation", "question", "quotes", "dotes", "author", "subreddit", "score"], "seed": 8, "results": {"precision": 0.5187465161791691, "recall": 0.9888087482550023, "F1": 0.6804939167749701, "PR AUC": 0.5187427773348354, "ROC AUC": 0.5006615821094427}, "test samples": 248721}