{"embedding": "RuBERT", "model": "Perceptron", "extra_features": ["author", "subreddit", "score"], "seed": 8, "results": {"precision": 0.5192895128521582, "recall": 0.9822320459128276, "F1": 0.6793945749928253, "PR AUC": 0.5192739247408026, "ROC AUC": 0.5017228804713787}, "test samples": 248721}