{"embedding": "RuBERT", "model": "BernoulliNB", "extra_features": ["funny_mark"], "seed": 8, "results": {"precision": 0.5589081834711109, "recall": 0.5888475259810765, "F1": 0.5734873690928936, "PR AUC": 0.5909494841915219, "ROC AUC": 0.568480283281116}, "test samples": 248721}