{"embedding": "RuBERT", "model": "Perceptron", "extra_features": [], "seed": 8, "results": {"precision": 0.5450166900668533, "recall": 0.9091980766247867, "F1": 0.6815061126968532, "PR AUC": 0.5426009509076931, "ROC AUC": 0.5460784883086365}, "test samples": 248721}