{"embedding": "RuBERT", "model": "LogisticRegression", "extra_features": ["funny_mark"], "seed": 8, "results": {"precision": 0.6666749494748699, "recall": 0.6242360787963394, "F1": 0.6447579223941812, "PR AUC": 0.7056262417907868, "ROC AUC": 0.6958392596424879}, "test samples": 248721}