{"embedding": "RuBERT", "model": "Perceptron", "extra_features": ["exclamation", "question", "quotes", "dotes"], "seed": 8, "results": {"precision": 0.5264702585795353, "recall": 0.9835815107802078, "F1": 0.685839284217471, "PR AUC": 0.5263379573790562, "ROC AUC": 0.5156300955191728}, "test samples": 248721}