{"embedding": "RuBERT", "model": "BernoulliNB", "extra_features": ["author", "subreddit", "score"], "seed": 8, "results": {"precision": 0.5602152041274444, "recall": 0.5903288351171088, "F1": 0.5748779318079686, "PR AUC": 0.5930087971403103, "ROC AUC": 0.5704776066898586}, "test samples": 248721}