{"embedding": "RuBERT", "model": "BernoulliNB", "extra_features": ["interjections"], "seed": 8, "results": {"precision": 0.5588741975381354, "recall": 0.5887467038932837, "F1": 0.5734216609006995, "PR AUC": 0.5909227823957943, "ROC AUC": 0.5684471199906739}, "test samples": 248721}