{"embedding": "RuBERT", "model": "BernoulliNB", "extra_features": [], "seed": 8, "results": {"precision": 0.5589365649664272, "recall": 0.588777726074143, "F1": 0.5734692027617048, "PR AUC": 0.5908791727059568, "ROC AUC": 0.5683978665710494}, "test samples": 248721}