{"embedding": "RuBERT", "model": "BernoulliNB", "extra_features": ["funny_mark", "interjections", "exclamation", "question", "quotes", "dotes", "author", "subreddit", "score"], "seed": 8, "results": {"precision": 0.5622959879158531, "recall": 0.5918411664340003, "F1": 0.5766904082673671, "PR AUC": 0.599685201083153, "ROC AUC": 0.5749550284110546}, "test samples": 248721}