{"embedding": "RuBERT", "model": "BernoulliNB", "extra_features": ["exclamation", "question", "quotes", "dotes"], "seed": 8, "results": {"precision": 0.5611822427841051, "recall": 0.5907864122847836, "F1": 0.5756039322658889, "PR AUC": 0.5974486442683161, "ROC AUC": 0.5727509447542032}, "test samples": 248721}