{"embedding": "TFIDF", "model": "LogisticRegression", "extra_features": ["interjections"], "seed": 8, "results": {"precision": 0.7287210528105553, "recall": 0.6647898247246782, "F1": 0.6952889263813634, "PR AUC": 0.7864878309503768, "ROC AUC": 0.7672796523191042}, "test samples": 248721}