{"embedding": "TFIDF", "model": "BernoulliNB", "extra_features": ["exclamation", "question", "quotes", "dotes"], "seed": 8, "results": {"precision": 0.7223443098155575, "recall": 0.655157437567861, "F1": 0.6871123727565915, "PR AUC": 0.7773096780221636, "ROC AUC": 0.755042389825886}, "test samples": 248721}