{"embedding": "TFIDF", "model": "LogisticRegression", "extra_features": [], "seed": 8, "results": {"precision": 0.7289718831809064, "recall": 0.6651543353497751, "F1": 0.695602452634311, "PR AUC": 0.7864754332237538, "ROC AUC": 0.7672402961046327}, "test samples": 248721}