{"embedding": "TFIDF", "model": "LogisticRegression", "extra_features": ["funny_mark"], "seed": 8, "results": {"precision": 0.7290299547788243, "recall": 0.6651620908949899, "F1": 0.6956331311033969, "PR AUC": 0.786521249253429, "ROC AUC": 0.7673014068367754}, "test samples": 248721}