{"embedding": "TFIDF", "model": "LogisticRegression", "extra_features": ["exclamation", "question", "quotes", "dotes"], "seed": 8, "results": {"precision": 0.7353560571321819, "recall": 0.6716069489685125, "F1": 0.702037275741583, "PR AUC": 0.7935957584753937, "ROC AUC": 0.7743527535187217}, "test samples": 248721}