{"embedding": "TFIDF", "model": "Perceptron", "extra_features": [], "seed": 8, "results": {"precision": 0.6295938599764408, "recall": 0.6673724212812161, "F1": 0.6479329259798883, "PR AUC": 0.5926117725557423, "ROC AUC": 0.622358871580156}, "test samples": 248721}