{"embedding": "TFIDF", "model": "BernoulliNB", "extra_features": ["author", "subreddit", "score"], "seed": 8, "results": {"precision": 0.7200418628990057, "recall": 0.6509694431518536, "F1": 0.6837656968526868, "PR AUC": 0.7737846065005507, "ROC AUC": 0.7519688012340117}, "test samples": 248721}