{"embedding": "TFIDF", "model": "BernoulliNB", "extra_features": ["funny_mark", "interjections", "exclamation", "question", "quotes", "dotes", "author", "subreddit", "score"], "seed": 8, "results": {"precision": 0.723735209683877, "recall": 0.658911121451838, "F1": 0.6898035570025697, "PR AUC": 0.7791855307239598, "ROC AUC": 0.7575115994515336}, "test samples": 248721}