{"embedding": "TFIDF", "model": "BernoulliNB", "extra_features": [], "seed": 8, "results": {"precision": 0.7179778374285911, "recall": 0.6472157592678766, "F1": 0.6807628929894115, "PR AUC": 0.7719405567507882, "ROC AUC": 0.7494815545479749}, "test samples": 248721}