{"embedding": "TFIDF", "model": "Perceptron", "extra_features": ["author", "subreddit", "score"], "seed": 8, "results": {"precision": 0.5185519482884933, "recall": 0.9936016751977664, "F1": 0.6814573287979085, "PR AUC": 0.5185510541130707, "ROC AUC": 0.5002780167842298}, "test samples": 248721}