{"embedding": "TFIDF", "model": "LogisticRegression", "extra_features": ["funny_mark", "interjections", "exclamation", "question", "quotes", "dotes", "author", "subreddit", "score"], "seed": 8, "results": {"precision": 0.5318642154970152, "recall": 0.6944470296261828, "F1": 0.6023781092853898, "PR AUC": 0.538190541183327, "ROC AUC": 0.5267879452489288}, "test samples": 248721}