{"embedding": "TFIDF", "model": "Perceptron", "extra_features": ["funny_mark"], "seed": 8, "results": {"precision": 0.6369118596437929, "recall": 0.6503722661703117, "F1": 0.6435716889545481, "PR AUC": 0.5954810910637238, "ROC AUC": 0.6256302769810993}, "test samples": 248721}