{"embedding": "TFIDF", "model": "Perceptron", "extra_features": ["exclamation", "question", "quotes", "dotes"], "seed": 8, "results": {"precision": 0.6372393247269116, "recall": 0.6967426710097719, "F1": 0.6656639004149378, "PR AUC": 0.6012041272998593, "ROC AUC": 0.6348900655204978}, "test samples": 248721}