{"embedding": "Word2Vec", "model": "BernoulliNB", "extra_features": [], "seed": 8, "results": {"precision": 0.5465917141894796, "recall": 0.7299674267100977, "F1": 0.6251087541260154, "PR AUC": 0.560520484243719, "ROC AUC": 0.5595685214744457}, "test samples": 248721}