{"embedding": "Word2Vec", "model": "LogisticRegression", "extra_features": ["exclamation", "question", "quotes", "dotes"], "seed": 8, "results": {"precision": 0.6494821072471328, "recall": 0.598642779587405, "F1": 0.6230270353166227, "PR AUC": 0.6916414416284894, "ROC AUC": 0.6726807565876386}, "test samples": 248721}