{"embedding": "Word2Vec", "model": "BernoulliNB", "extra_features": ["funny_mark"], "seed": 8, "results": {"precision": 0.5465980626727682, "recall": 0.7299674267100977, "F1": 0.6251129057967165, "PR AUC": 0.560525509296661, "ROC AUC": 0.5595759059829196}, "test samples": 248721}