{"embedding": "Word2Vec", "model": "Perceptron", "extra_features": ["exclamation", "question", "quotes", "dotes"], "seed": 8, "results": {"precision": 0.599257203934228, "recall": 0.43047153714906156, "F1": 0.5010313093792735, "PR AUC": 0.5532136712912274, "ROC AUC": 0.5602946677321601}, "test samples": 248721}