{"embedding": "Word2Vec", "model": "LogisticRegression", "extra_features": ["funny_mark", "interjections", "exclamation", "question", "quotes", "dotes", "author", "subreddit", "score"], "seed": 8, "results": {"precision": 0.3333333333333333, "recall": 7.755545214828603e-06, "F1": 1.5510729547164253e-05, "PR AUC": 0.5184107614113288, "ROC AUC": 0.49999552920313484}, "test samples": 248721}