{"embedding": "Word2Vec", "model": "LogisticRegression", "extra_features": ["funny_mark"], "seed": 8, "results": {"precision": 0.6237314834449122, "recall": 0.6387467038932837, "F1": 0.6311498022867302, "PR AUC": 0.6717381514442866, "ROC AUC": 0.6589911686871558}, "test samples": 248721}