{"embedding": "Word2Vec", "model": "Perceptron", "extra_features": [], "seed": 8, "results": {"precision": 0.5661489962071902, "recall": 0.62398014580425, "F1": 0.5936594958144409, "PR AUC": 0.5481990118538841, "ROC AUC": 0.5546245474849052}, "test samples": 248721}