{"embedding": "Word2Vec", "model": "Perceptron", "extra_features": ["funny_mark"], "seed": 8, "results": {"precision": 0.5584810941271118, "recall": 0.6729796804715371, "F1": 0.6104074705872007, "PR AUC": 0.5453777505196615, "ROC AUC": 0.5501297330401365}, "test samples": 248721}