{"embedding": "Word2Vec", "model": "BernoulliNB", "extra_features": ["interjections"], "seed": 8, "results": {"precision": 0.5465683428173267, "recall": 0.7300294710718164, "F1": 0.6251162172931333, "PR AUC": 0.560527123137376, "ROC AUC": 0.559572889808063}, "test samples": 248721}