{"embedding": "Word2Vec", "model": "BernoulliNB", "extra_features": ["funny_mark", "interjections", "exclamation", "question", "quotes", "dotes", "author", "subreddit", "score"], "seed": 8, "results": {"precision": 0.5471728782073609, "recall": 0.7310066697688847, "F1": 0.6258698539176627, "PR AUC": 0.5611962652693228, "ROC AUC": 0.5604328242224936}, "test samples": 248721}